{"cameraMode":{"drawMode":0,"name":"Shaded","section":"Shading Mode"},"sceneLighting":true,"audioPlay":false,"sceneViewState":{"showFog":true,"showMaterialUpdate":false,"showSkybox":true,"showFlares":true,"showImageEffects":true,"showParticleSystems":true},"in2DMode":false,"pivot":{"x":0.09126896411180496,"y":-22.423376083374025,"z":-3.236116886138916},"rotation":{"x":-0.7502187490463257,"y":-0.00018346213619224727,"z":0.0002077776734950021,"w":-0.6611896753311157},"size":41.47817611694336,"orthographic":false}